{
  "train_loss": [
    0.3115123164653778,
    0.18681470155715943,
    0.1521598844230175,
    0.12880988031625748,
    0.10583199679851532,
    0.08862407609820366,
    0.0736660297214985,
    0.06597826179116964,
    0.055014730989933015,
    0.05180344004184008,
    0.0500943087041378,
    0.04018328776583076,
    0.04130062479525805,
    0.0361990830115974,
    0.03264006692916155,
    0.026216342635452746,
    0.03262566570192575,
    0.029934129659086466,
    0.023384975492954253,
    0.023233264703303575,
    0.019814061601646244,
    0.021268984004855156,
    0.02014857920818031,
    0.017740999991074206,
    0.019209222681820393,
    0.01680557055398822,
    0.014744309596717358,
    0.014863673951476813,
    0.01180492396466434,
    0.01317192797549069,
    0.009990812800824643,
    0.010952864540740848,
    0.009816766218282282,
    0.010791353341192007,
    0.010564937209710478,
    0.009182707774452865,
    0.010842244978994131,
    0.009914303971454501,
    0.008728873077780008,
    0.008220150768756866,
    0.008101696767844259,
    0.008532127756625414,
    0.008293498451821505,
    0.008129044827073812,
    0.008082327679730952,
    0.00851359406951815,
    0.008249997817911208,
    0.007627538018859923,
    0.007882415247149766,
    0.008742809249088167
  ],
  "val_loss": [
    0.20440821922742403,
    0.18617863953113556,
    0.18014147304571593,
    0.16296851634979248,
    0.15680595086171076,
    0.15336964909846967,
    0.15567257140691465,
    0.1585898485321265,
    0.157520276422684,
    0.16090047703339502,
    0.1620857148216321,
    0.16346172243356705,
    0.15937058512981123,
    0.1624416961119725,
    0.1680418883378689,
    0.17337027994486,
    0.17588053758327776,
    0.18254187588508314,
    0.18823498143599585,
    0.18406257377221033,
    0.17885996859807235,
    0.18100137492785087,
    0.17593539792757767,
    0.1787172005726741,
    0.17641259385989264,
    0.20334286643908575,
    0.1950032000358288,
    0.18563169355575854,
    0.18925539805338934,
    0.19870130030008462,
    0.19245215619985873,
    0.19710440303270632,
    0.19321024417877197,
    0.20793500198767736,
    0.1982136483375843,
    0.19560486307510963,
    0.2010430980187196,
    0.1945201617020827,
    0.21152643057016227,
    0.20314331696583673,
    0.20056985089412102,
    0.20148017773261437,
    0.198391128044862,
    0.20414545902839074,
    0.2016696070249264,
    0.20450767645469078,
    0.20657866161603194,
    0.2019354678117312,
    0.20492896437644958,
    0.20094512173762688
  ],
  "val_positive_acc": [
    0.6804123711340206,
    0.6907216494845361,
    0.711340206185567,
    0.7577319587628866,
    0.7680412371134021,
    0.7474226804123711,
    0.7061855670103093,
    0.7061855670103093,
    0.7474226804123711,
    0.7319587628865979,
    0.7268041237113402,
    0.711340206185567,
    0.7268041237113402,
    0.7061855670103093,
    0.6907216494845361,
    0.7319587628865979,
    0.6804123711340206,
    0.6958762886597938,
    0.6597938144329897,
    0.6907216494845361,
    0.6958762886597938,
    0.7164948453608248,
    0.711340206185567,
    0.7010309278350515,
    0.711340206185567,
    0.6752577319587629,
    0.6752577319587629,
    0.7216494845360825,
    0.6752577319587629,
    0.6855670103092784,
    0.6752577319587629,
    0.6855670103092784,
    0.6855670103092784,
    0.6649484536082474,
    0.6752577319587629,
    0.6752577319587629,
    0.6752577319587629,
    0.6855670103092784,
    0.6649484536082474,
    0.6649484536082474,
    0.6855670103092784,
    0.6855670103092784,
    0.6907216494845361,
    0.6701030927835051,
    0.6752577319587629,
    0.6752577319587629,
    0.6752577319587629,
    0.6804123711340206,
    0.6907216494845361,
    0.6752577319587629
  ],
  "val_negative_acc": [
    0.6844660194174758,
    0.7718446601941747,
    0.7815533980582524,
    0.7281553398058253,
    0.7572815533980582,
    0.7912621359223301,
    0.7961165048543689,
    0.8349514563106796,
    0.8300970873786407,
    0.8155339805825242,
    0.8106796116504854,
    0.8203883495145631,
    0.8058252427184466,
    0.8252427184466019,
    0.8058252427184466,
    0.7912621359223301,
    0.8300970873786407,
    0.8106796116504854,
    0.8155339805825242,
    0.8058252427184466,
    0.8252427184466019,
    0.8106796116504854,
    0.8058252427184466,
    0.8155339805825242,
    0.8252427184466019,
    0.8300970873786407,
    0.7961165048543689,
    0.8106796116504854,
    0.8349514563106796,
    0.8300970873786407,
    0.8009708737864077,
    0.8203883495145631,
    0.8252427184466019,
    0.8398058252427184,
    0.8252427184466019,
    0.8300970873786407,
    0.8300970873786407,
    0.8155339805825242,
    0.8155339805825242,
    0.8252427184466019,
    0.8106796116504854,
    0.8300970873786407,
    0.8155339805825242,
    0.8349514563106796,
    0.8300970873786407,
    0.8349514563106796,
    0.8300970873786407,
    0.8252427184466019,
    0.8106796116504854,
    0.8203883495145631
  ],
  "val_overall_acc": [
    0.6825,
    0.7325,
    0.7475,
    0.7425,
    0.7625,
    0.77,
    0.7525,
    0.7725,
    0.79,
    0.775,
    0.77,
    0.7675,
    0.7675,
    0.7675,
    0.75,
    0.7625,
    0.7575,
    0.755,
    0.74,
    0.75,
    0.7625,
    0.765,
    0.76,
    0.76,
    0.77,
    0.755,
    0.7375,
    0.7675,
    0.7575,
    0.76,
    0.74,
    0.755,
    0.7575,
    0.755,
    0.7525,
    0.755,
    0.755,
    0.7525,
    0.7425,
    0.7475,
    0.75,
    0.76,
    0.755,
    0.755,
    0.755,
    0.7575,
    0.755,
    0.755,
    0.7525,
    0.75
  ]
}